sep=,
"Network","Page Name","Published time (America/Los_Angeles)","Post Type","Placement","Dark","Promoted","Reshare","Post text","Post URL","Post ID","Impressions","Engagements","Reach","Video views","Engagement rate (reach)","Shares"
"PINTEREST","Impact Networking | Essential Business Solutions","2025-03-31 08:22:10","IMAGE","Timeline","-","No","-","SEO isn’t just important—it’s essential. With 68% of online experiences starting on search engines, your business needs to be seen. 👀  Check out our blog where we pulled the top 30 stats about SEO!","https://pinterest.com/pin/77757531062603247/","77757531062603247","83","0","-","-","-","-"
"LINKEDIN","Impact Networking, LLC","2025-03-28 11:00:02","LINK","Timeline","-","-","No","💥The newest edition of The Edge has dropped 💥 This month we're covering:  1. Marketing experts analyze real-world ad campaigns – Learn what makes an ad effective from industry professionals.  2. Defining success in digital transformation – Understand how to track progress and measure meaningful business outcomes.  3. CMMC 2.0 compliance explained – Find out what it means for your business and how to stay compliant.  Don’t forget to hit the subscribe button. ⬇️  {hashtag|\#|businessnewsletter} {hashtag|\#|biznewsletter} {hashtag|\#|biznews} {hashtag|\#|marketingnews} {hashtag|\#|cmmc} {hashtag|\#|dx}","https://www.linkedin.com/feed/update/urn:li:ugcPost:7308532181927112704","urn:li:ugcPost:7308532181927112704","1210","17","731","-","2.33","1"
"LINKEDIN","Impact Networking, LLC","2025-03-28 08:30:05","TEXT","Timeline","-","-","Yes","@[LK Hoopingarner](urn:li:person:7YOAz\_thf3), Vice President of Managed Marketing at Impact, shares her takeaways from a recent training with @[Effective Presentations](urn:li:organization:1659371). 💡  In this training, participants are introduced to a 7-step framework designed to enhance clarity, engagement, and persuasiveness in presentations. All essential aspects of storytelling in business presentations.   Check out what she learned and how you can improve your future presentations. ⬇️  {hashtag|\#|Marketing} {hashtag|\#|ManagedMarketing} {hashtag|\#|EffectivePresentations}","https://www.linkedin.com/feed/update/urn:li:ugcPost:7308546807003852800","urn:li:ugcPost:7308546807003852800","1026","27","632","-","4.27","1"
"INSTAGRAM","Impact Networking","2025-03-27 10:01:08","IMAGE","Timeline","No","No","No","Just because you rolled out new #tech doesn't mean your employees know how to use it.⁠ ⁠ 80% of companies think they're tech adoption pros, but 90% of employees say otherwise. 👀⁠ ⁠ So, what's the truth? Learn more from our Business Technology Adoption Report in our bio! ✨","https://www.instagram.com/p/DHtdwgvSrec/","17872953660316834","508","8","220","-","3.64","0"
"LINKEDIN","Impact Networking, LLC","2025-03-27 09:00:22","IMAGE","Timeline","-","-","No","80% of businesses feel confident about tech adoption. Yet, 90% of employees say they still struggle with it. Where's the disconnect? 🤔  Our latest Business Technology Adoption Report breaks down: ✅ Why businesses think they're winning at tech adoption \(but employees disagree\) ✅ What the most successful companies are doing differently ✅ How your business can bridge the gap and make tech adoption work  Get the insights & strategies 👉 https://hubs.ly/Q03cQTny0  {hashtag|\#|Tech} {hashtag|\#|TechAdoption} {hashtag|\#|DigitalTransformation} {hashtag|\#|Innovation}","https://www.linkedin.com/feed/update/urn:li:share:7311054481981353984","urn:li:share:7311054481981353984","831","12","491","-","2.44","0"
"LINKEDIN","Impact Networking, LLC","2025-03-26 13:54:13","TEXT","Timeline","-","-","Yes","We recently partnered with @[Videospan](urn:li:organization:76593218) to elevate our video content internally and externally. 📹✨   If you’ve noticed more video short form magic happening on our channels lately, it's all thanks to this platform.","https://www.linkedin.com/feed/update/urn:li:ugcPost:7310766045865066497","urn:li:ugcPost:7310766045865066497","1531","22","921","-","2.39","2"
"YOUTUBE","Impact My Biz","2025-03-26 13:00:33","SHORT","Timeline","-","No","-","This is your sign to thank an IT support member. ❤️  When technology hits a roadblock, businesses are susceptible to pitfalls of disparate systems. More than annoyance, this can lead to inefficiencies in processes, wasted resources, and data isolation. 😥  Think of this as your cheat sheet to running smoother business operations 👉 https://hubs.ly/Q03dnljq0  #Tech #DigitalTransformation #Checklist","https://www.youtube.com/shorts/p9MGgOQ79FY","p9MGgOQ79FY","811","6","-","811","-","0"
"FACEBOOK","Impact Networking","2025-03-26 09:05:27","VIDEO","Timeline","No","No","No","This is your sign to thank an IT support member. ❤️  When technology hits a roadblock, businesses are susceptible to pitfalls of disparate systems. More than annoyance, this can lead to inefficiencies in processes, wasted resources, and data isolation. 😥  Think of this as your cheat sheet to running smoother business operations 👉 https://tinyurl.com/3fy73enp  #Tech #DigitalTransformation #Checklist","https://www.facebook.com/reel/669755675578760/","115064325253588_1085019276980453","449","5","441","245","1.13","1"
"LINKEDIN","Impact Networking, LLC","2025-03-26 08:02:42","VIDEO","Timeline","-","-","No","Psst we have a secret to tell you. 👀  Your outdated technology systems are more than likely what's causing stress and annoyance from employees.  When technology hits a roadblock, businesses are susceptible to pitfalls of disparate systems. More than annoyance, this can lead to inefficiencies in processes, wasted resources, and data isolation. 😥  We looked at some of the most innovative companies and broke down what technology they are using and what you can do to implement them into your business.  Think of it as your cheat sheet to running smoother business operations 👉 https://hubs.ly/Q03dnkrJ0  {hashtag|\#|Tech} {hashtag|\#|DigitalTransformation} {hashtag|\#|BusinessChecklist}","https://www.linkedin.com/feed/update/urn:li:ugcPost:7310677584697036800","urn:li:ugcPost:7310677584697036800","2364","44","1401","1406","3.14","5"
"INSTAGRAM","Impact Networking","2025-03-26 07:05:00","REELS","REELS","No","No","No","This is your sign to thank an #IT support member. ❤️","https://www.instagram.com/reel/DHqk9Qhx-Jj/","18139206307386780","1516","36","829","-","4.34","2"
"LINKEDIN","Impact Networking, LLC","2025-03-25 08:37:12","IMAGE","Timeline","-","-","No","The customer journey is made up of several interactions a consumer has with a brand.   Effective touch points are designed to meet customer needs, spark positive emotions, and align seamlessly with their expectations. That's why your strategy should be carefully planned from the get-go! 🏃  These touch points include: 1️⃣ Pre-purchase: ad, social media, and promos 2️⃣ Time of purchase: landing pages, product packaging, and brick and mortar vists 3️⃣ Post-purchase: thank you emails, follow-ups, newsletters  Check out our blog to see how you can create effective touchpoints that resonate with your audience 👉 https://hubs.ly/Q03dkVv80  {hashtag|\#|ManagedMarketing} {hashtag|\#|Marketing} {hashtag|\#|CustomerJourney}","https://www.linkedin.com/feed/update/urn:li:share:7310323879602765824","urn:li:share:7310323879602765824","1785","48","895","-","5.36","6"
"PINTEREST","Impact Networking | Essential Business Solutions","2025-03-24 12:03:56","IMAGE","Timeline","-","No","-","🔥 A reputation crisis can happen fast—how you respond matters. 🔥  If your business faces negative press, social media backlash, or customer complaints, these 5 steps can help you regain trust and protect your brand.  📌 Save this for later and be prepared before a crisis happens! 🚨","https://pinterest.com/pin/77757531062581384/","77757531062581384","95","0","-","-","-","-"
"INSTAGRAM","Impact Networking","2025-03-24 11:55:16","IMAGE","Timeline","No","No","No","A match made in (#email) heaven! 💌✨⁠ ⁠ You deserve to open something in your inbox worth swooning over. ❤️ ⁠ The Edge is just the newsletter for that!⁠ ⁠ It's your go-to for the latest business & #tech insights without all the fluff. ⁠ ⁠ Just good reads, fresh #trends, and the kind of emails you'll want to open.⁠ Head to our bio to subscribe for newsletter & inbox goals!","https://www.instagram.com/p/DHl8gZaynif/","18074942356809330","595","8","278","-","2.88","1"
"LINKEDIN","Impact Networking, LLC","2025-03-24 07:30:07","IMAGE","Timeline","-","-","No","A match made in \(email\) heaven! 💌✨  You deserve to open something in your inbox worth swooning over. ❤️ The Edge is just the newsletter for that!  It's your go-to for the latest business & tech insights without all the fluff. Just good reads, fresh trends, and the kind of emails you'll want to open.  Head to https://hubs.ly/Q03cQX3t0 and subscribe for newsletter & inbox goals!  {hashtag|\#|TechNewsletter} {hashtag|\#|TechBlog} {hashtag|\#|BusinessInsights}","https://www.linkedin.com/feed/update/urn:li:share:7309944609759973376","urn:li:share:7309944609759973376","644","14","383","-","3.66","1"
"YOUTUBE","Impact My Biz","2025-03-21 09:01:11","SHORT","Timeline","-","No","-","With 65% of businesses experiencing cybersecurity incidents last year, and 43% of attacks targeting small businesses, cybersecurity is more important than ever.    In this episode of Tech Trends, we explore how AI and social media are now on the list of cybercriminal platforms.    Check out more about why cybersecurity is worth it: https://tinyurl.com/2xxzxrk8  Discover a great career with Impact here: https://bit.ly/3HHzuro  Explore what Impact can do for you: https://bit.ly/3UG087v  Subscribe to our newsletter: https://www.impactmybiz.com/subscribe/  Follow Impact on social media!  LinkedIn: https://www.linkedin.com/company/impact-networking Facebook: https://www.facebook.com/impactmybiz Twitter: https://twitter.com/impactmybiz Instagram: https://www.instagram.com/impactmybiz/?hl=en","https://www.youtube.com/shorts/zfyDJk6jz9A","zfyDJk6jz9A","55","6","-","55","-","0"
"LINKEDIN","Impact Networking, LLC","2025-03-21 08:00:25","DOCUMENT","Timeline","-","-","No","We believe that hard work should pay off! Each year, we celebrate our top-performing sales team members with an unforgettable trip, and this time, we took on the Swiss Alps! 🏔️✨  At Impact, One Team isn’t just a core value—it’s how we operate. We win together, we grow together, and these team members performers prove it every day.  Check out some of our memories! ❤️  Interested in a sales career at Impact? Check out our open positions at https://hubs.ly/Q03cNtq\_0  📸 credits: \@Lucio Andreozzi","https://www.linkedin.com/feed/update/urn:li:ugcPost:7308865071839920128","urn:li:ugcPost:7308865071839920128","7508","88","3738","-","2.35","9"
"FACEBOOK","Impact Networking","2025-03-20 10:25:12","VIDEO","Timeline","No","No","No","With 65% of businesses experiencing cybersecurity incidents last year, and 43% of attacks targeting small businesses, cybersecurity is more important than ever.    In this episode of Tech Trends, we explore how AI and social media are now on the list of cybercriminal platforms.    Check out more about why cybersecurity is worth it: https://tinyurl.com/2xxzxrk8  #Cybersecurity #TechTrends","https://www.facebook.com/reel/1159600908976991/","115064325253588_1079742344174813","243","4","231","38","1.73","1"
"LINKEDIN","Impact Networking, LLC","2025-03-20 10:15:14","VIDEO","Timeline","-","-","No","With 65% of businesses experiencing cybersecurity incidents last year, and 43% of attacks targeting small businesses, cybersecurity is more important than ever.    In this episode of Tech Trends, we explore how AI and social media are now on the list of cybercriminal platforms. 🔐💪  Check out more about why cybersecurity is worth it: https://lnkd.in/gDv9fVbv  {hashtag|\#|Cybersecurity} {hashtag|\#|TechTrends}","https://www.linkedin.com/feed/update/urn:li:ugcPost:7308536609497305089","urn:li:ugcPost:7308536609497305089","1463","41","863","467","4.75","7"
"INSTAGRAM","Impact Networking","2025-03-20 09:58:14","REELS","REELS","No","No","No","With 65% of businesses experiencing cybersecurity incidents last year, and 43% of attacks targeting small businesses, cybersecurity is more important than ever. 🔐💪⁠ ⁠ In this episode of Tech Trends, we explore how AI and social media are now on the list of cybercriminal platforms.⁠ ⁠ Check out more about why cybersecurity is worth it at the link in our bio. ⤴️⁠ ⁠ #TechTrends #Cybersec #CybersecurityTips","https://www.instagram.com/reel/DHbbmdZJHWL/","18054960188151442","715","21","475","-","4.42","2"
"LINKEDIN","Impact Networking, LLC","2025-03-19 08:00:31","IMAGE","Timeline","-","-","No","🚨 TOMORROW IS THE DAY! 🚨  We’re sitting down with David Clark, Director of IT at @[The HFW Companies](urn:li:organization:64723387) to talk about their major business technology adoption journey—what worked, what didn’t, and how they overcame the challenges.  If you’re rolling out new tech \(or planning to\), this is the conversation you can’t afford to miss.  It’s time to discuss what actually makes tech adoption successful!  Save your spot now!  👉 https://hubs.ly/Q03bZtM90  {hashtag|\#|Webinar} {hashtag|\#|TechTrends} {hashtag|\#|Tech}","https://www.linkedin.com/feed/update/urn:li:share:7308140321316450304","urn:li:share:7308140321316450304","1548","26","804","-","3.23","4"
"INSTAGRAM","Impact Networking","2025-03-18 12:05:22","CAROUSEL","Timeline","No","No","No","Work... where fun isn’t just encouraged—it’s part of the job. 🎉⁠ ⁠ At Impact, we know that when people enjoy where they work, they do their best work. Whether it’s team celebrations, inside jokes, or just turning everyday tasks into something exciting, we make work a place you actually want to be.⁠ ⁠ 🚀 Ready to build a #career where you can grow, thrive, and have fun doing it? We’re #hiring! See open roles in our bio!⁠","https://www.instagram.com/p/DHWg6WAzbr7/","18272714536271306","1505","76","706","-","10.76","8"
"LINKEDIN","Impact Networking, LLC","2025-03-18 08:00:22","DOCUMENT","Timeline","-","-","No","We fuel work with fun, knowing life's too short to be boring. 🎉  At Impact, we believe that a great company culture isn't just what you do- it's how you do it. Whether we're collaborating on big projects, celebrating together in Mexico, or just bringing energy into everyday moments, we make sure to enjoy the ride. 😎  Because when people love where they work, great things happen. Looking for a career where you can grow, make an impact, and actually have fun doing it? We're hiring! Check out our open positions. 👉 https://hubs.ly/Q03bZDrx0  {hashtag|\#|Hiring} {hashtag|\#|TechJobs} {hashtag|\#|SalesJobs}","https://www.linkedin.com/feed/update/urn:li:ugcPost:7307777892564840448","urn:li:ugcPost:7307777892564840448","2482","48","1487","-","3.23","3"
"INSTAGRAM","Impact Networking","2025-03-17 12:02:22","CAROUSEL","Timeline","No","No","No","Your manufacturing data is calling - are you picking up? ☎️👀⁠ ⁠ Manufacturers who use real-time analytics:⁠ ⚙️ Reduce downtime⁠ ⚙️ Lower costs⁠ ⚙️ Improve product quality⁠ ⁠ Yet, so many of these companies still rely on outdated systems or gut instinct. ⁠ ⁠ See how you can start harnessing the power of data in our bio! ⤴️⁠ ⁠ #DataAnalytics #AI #Tech #Innovation","https://www.instagram.com/p/DHT7xeES6Y7/","18274195111265173","582","15","246","-","6.1","0"
"LINKEDIN","Impact Networking, LLC","2025-03-17 10:54:21","DOCUMENT","Timeline","-","-","No","In manufacturing, data analytics plays a pivotal role by transforming raw data into actionable insights, enhancing efficiency, productivity, and decision-making. 🧑‍🏭⚙️  Manufacturers can use data in many ways such as: ⚙️ Inventory management ⚙️ Supply chain management ⚙️ Production optimization It can also help by lowering operational costs and cutting downtime and fewer defects! Yet, many manufacturers aren't fully harnessing their data's potential. 🫢  By integrating new-aged technology like AI, manufacturing companies can do even more with their data!  See how you can start harnessing the power of data in our blog   👉 https://hubs.ly/Q03c86hG0  {hashtag|\#|DataAnalytics} {hashtag|\#|AI} {hashtag|\#|Tech} {hashtag|\#|Innovation}","https://www.linkedin.com/feed/update/urn:li:ugcPost:7307459290968088577","urn:li:ugcPost:7307459290968088577","1622","38","864","-","4.4","13"
"PINTEREST","Impact Networking | Essential Business Solutions","2025-03-17 09:30:49","IMAGE","Timeline","-","No","-","Timing is everything when it comes to posting across social media. ⏰   Check out these universal best times to post across various platforms. Always keep in mind that your best time may differ from these listed!  Check out more tips on how to reach your target audience on social media in our blog.","https://pinterest.com/pin/77757531062548483/","77757531062548483","10000","80","-","-","-","-"
"FACEBOOK","Impact Networking","2025-03-13 11:53:36","VIDEO","Timeline","No","No","No","AI shouldn't replace workers - it should help them work smarter!  Companies that successfully adopt AI see higher productivity, reduced inefficiencies, and smarter decision-making. But AI implementation isn't one-size-fits-all, it needs to be tailored to your unique business needs.  77% of companies are already using or exploring AI. The question is - how are you using it to your advantage? 👀💻  Check out how Impact is changing the AI game 👉 https://www.impactmybiz.com/digital-transformation/ai-consulting-solutions  #AI #AIStrategy #DigitalTransformation #TechTrends","https://www.facebook.com/reel/623890336943215/","115064325253588_1074030564745991","175","2","165","30","1.21","0"
"INSTAGRAM","Impact Networking","2025-03-13 09:58:12","REELS","REELS","No","No","No","Let's be real, no one wants to spend time on repetitive tasks that #AI can handle in seconds. The real flex? Using AI to work smarter, not harder. ✨💻⁠ ⁠ AI isn't just a buzzword, it's changing the game for businesses looking to enhance efficiency, automate tasks, and improve decision-making. But if you don't have the right strategy, it can feel overwhelming⁠ ⁠ Check out how Impact is changing the AI game at the link in our bio!⁠ #TechTrends #DigitalTransformation","https://www.instagram.com/reel/DHJaCrHKPsR/","18056622917475331","591","12","408","-","2.94","0"
"YOUTUBE","Impact My Biz","2025-03-13 08:58:51","SHORT","Timeline","-","No","-","Discover a great career with Impact here: https://bit.ly/3HHzuro  Explore what Impact can do for you: https://bit.ly/3UG087v  Subscribe to our newsletter: https://www.impactmybiz.com/subscribe/  Follow Impact on social media!  LinkedIn: https://www.linkedin.com/company/impact-networking Facebook: https://www.facebook.com/impactmybiz Twitter: https://twitter.com/impactmybiz Instagram: https://www.instagram.com/impactmybiz/?hl=en","https://www.youtube.com/shorts/8hd7YxTaKMU","8hd7YxTaKMU","18","1","-","18","-","1"
"LINKEDIN","Impact Networking, LLC","2025-03-13 08:32:28","VIDEO","Timeline","-","-","No","77% of companies are already using or exploring AI. The question is - how are you using it to your advantage? 👀💻  AI isn't just a buzzword, it's changing the game for businesses looking to enhance efficiency, automate tasks, and improve decision-making. But if you don't have the right strategy, it can feel overwhelming.  Our clients navigate the complexities of AI by: ✅ Finding opportunities for operations ✅ Creating a strategy that aligns with goals ✅ Use AI tools within workflows ✅ Optimize solutions for long-term success  AI shouldn't replace workers - it should help them work smarter! Check out how Impact is changing the AI game 👉 https://bit.ly/43sC13P  {hashtag|\#|AI} {hashtag|\#|AIStrategy} {hashtag|\#|DigitalTransformation}","https://www.linkedin.com/feed/update/urn:li:ugcPost:7305974029876703234","urn:li:ugcPost:7305974029876703234","989","26","593","468","4.38","4"
"YOUTUBE","Impact My Biz","2025-03-13 08:15:08","SHORT","Timeline","-","No","-","AI shouldn't replace workers - it should help them work smarter!  Companies that successfully adopt AI see higher productivity, reduced inefficiencies and smarter decision making. But AI implementation isn't one-size-fits-all, it needs to be tailored to your unique business needs.  77% of companies are already using or exploring AI. The question is - how are you using it to your advantage? 👀💻  Check out how Impact is changing the AI game 👉 https://tinyurl.com/47x8jvwf  #AI #AIStrategy #DigitalTransformation   Discover a great career with Impact here: https://bit.ly/3HHzuro  Explore what Impact can do for you: https://bit.ly/3UG087v  Subscribe to our newsletter: https://www.impactmybiz.com/subscribe/  Follow Impact on social media!  LinkedIn: https://www.linkedin.com/company/impact-networking Facebook: https://www.facebook.com/impactmybiz Twitter: https://twitter.com/impactmybiz Instagram: https://www.instagram.com/impactmybiz/?hl=en","https://www.youtube.com/shorts/i1m-soxHdDQ","i1m-soxHdDQ","71","7","-","71","-","0"
"LINKEDIN","Impact Networking, LLC","2025-03-12 10:30:54","IMAGE","Timeline","-","-","No","Tech adoption isn’t just about implementing new tools – it’s about making sure employees can actually use them effectively.   Too often, companies underestimate the human side of tech rollouts, leaving employees frustrated and struggling to keep up.   Tune in March 20th at 1pm CST where we’re featuring one of our very own clients, David Clark, Director of IT at The @[The HFW Companies](urn:li:organization:64723387), who’s successfully tackled a major tech transition.  We’ll discuss:    ✨ The biggest challenges in tech adoption ✨ Strategies that actually work  ✨ How to ensure employees feel empowered, not overwhelmed   Save your spot now! 👉 https://bit.ly/3DjvHRH  {hashtag|\#|Webinar} {hashtag|\#|TechAdoption} {hashtag|\#|TechTrends}","https://www.linkedin.com/feed/update/urn:li:share:7305641449755156481","urn:li:share:7305641449755156481","1298","23","685","-","3.36","4"
"YOUTUBE","Impact My Biz","2025-03-12 09:58:15","SHORT","Timeline","-","No","-","Discover a great career with Impact here: https://bit.ly/3HHzuro  Explore what Impact can do for you: https://bit.ly/3UG087v  Subscribe to our newsletter: https://www.impactmybiz.com/subscribe/  Follow Impact on social media!  LinkedIn: https://www.linkedin.com/company/impact-networking Facebook: https://www.facebook.com/impactmybiz Twitter: https://twitter.com/impactmybiz Instagram: https://www.instagram.com/impactmybiz/?hl=en","https://www.youtube.com/shorts/dzt96H8nH7I","dzt96H8nH7I","4","1","-","4","-","1"
"YOUTUBE","Impact My Biz","2025-03-12 09:54:33","SHORT","Timeline","-","No","-","Discover a great career with Impact here: https://bit.ly/3HHzuro  Explore what Impact can do for you: https://bit.ly/3UG087v  Subscribe to our newsletter: https://www.impactmybiz.com/subscribe/  Follow Impact on social media!  LinkedIn: https://www.linkedin.com/company/impact-networking Facebook: https://www.facebook.com/impactmybiz Twitter: https://twitter.com/impactmybiz Instagram: https://www.instagram.com/impactmybiz/?hl=en","https://www.youtube.com/shorts/d3vnzBbsPFw","d3vnzBbsPFw","38","8","-","38","-","8"
"YOUTUBE","Impact My Biz","2025-03-12 09:50:15","VIDEO","Timeline","-","No","-","Discover a great career with Impact here: https://bit.ly/3HHzuro  Explore what Impact can do for you: https://bit.ly/3UG087v  Subscribe to our newsletter: https://www.impactmybiz.com/subscribe/  Follow Impact on social media!  LinkedIn: https://www.linkedin.com/company/impact-networking Facebook: https://www.facebook.com/impactmybiz Twitter: https://twitter.com/impactmybiz Instagram: https://www.instagram.com/impactmybiz/?hl=en","https://www.youtube.com/watch?v=B1TSYmtoVGI","B1TSYmtoVGI","16","1","-","16","-","1"
"INSTAGRAM","Impact Networking","2025-03-11 12:01:00","CAROUSEL","Timeline","No","No","No","Your tech adoption strategy should make work easier... not make employees feel like they need to 'sever' themselves. 😶‍🌫️⁠ ⁠ Get your copy of our Business Technology Adoption Report in our bio! ⤴️","https://www.instagram.com/p/DHEe2O8SUWt/","17949522059809880","669","10","313","-","3.19","0"
"LINKEDIN","Impact Networking, LLC","2025-03-11 08:01:06","DOCUMENT","Timeline","-","-","No","Ever feel like your business is living a Severance episode, with technology on one side and operations on the other? 😶‍🌫️  Here's the reality: ✨ 80% of companies think they're doing great at tech adoption. 😳 90% of employees say otherwise.  That means there's a HUGE disconnect. And what happens when a company rolls out new tech without the right strategy, training, and/or support? Employees are left confused, frustrated, and secretly relying on workarounds. 🫣  So, what's the fix? Bridging the gap between tech strategy and execution.  Check out our latest Business Technology Adoption Report where we break down: ✅ Why businesses THINK they're succeeding at tech adoption \(but aren't\) ✅ The biggest reasons employees struggle with new tools ✅ How to build a seamless, strategic approach that actually works  Employees shouldn't have to live a Severance-style tech nightmare. 😱  Get the full break down 👉 https://bit.ly/41uDxzN  {hashtag|\#|TechAdoption} {hashtag|\#|Innovation} {hashtag|\#|BusinessGrowth}","https://www.linkedin.com/feed/update/urn:li:ugcPost:7305241361971089412","urn:li:ugcPost:7305241361971089412","1399","28","836","-","3.35","4"
"PINTEREST","Impact Networking | Essential Business Solutions","2025-03-10 13:30:53","IMAGE","Timeline","-","No","-","🔎 We’ve done the research—here are 6 marketing trends that will shape the future. If you’re in marketing, you NEED to know these.   Check them out in more detail in our blog!","https://pinterest.com/pin/77757531062522002/","77757531062522002","1097","6","-","-","-","-"
"INSTAGRAM","Impact Networking","2025-03-06 10:03:22","REELS","REELS","No","No","No","If your #socialmedia strategy is just 'posting to post' - we need to talk. 😬⁠ ⁠ Often, we see brands treat social media like a bulletin board instead of two-way conversation. Who likes being talked AT? Rather, you need to have a strategy that intertwines engagement with authenticity, while also promoting your brand. ⁠ ⁠ That's why brands who focus on engagement over promotion, like @Duolingo and @HubSpot, see the most success! 🎉⁠ ⁠ Watch as we go over some key strategies every business should use, then head to our bio to learn more! ⤴️⁠ ⁠ #MarketingTips #SocialMediaTips","https://www.instagram.com/reel/DG3f8Mdt2FF/","18058019846003285","516","9","377","-","2.39","0"
"YOUTUBE","Impact My Biz","2025-03-06 09:00:30","SHORT","Timeline","-","No","-","Social media marketing isn't just about posting - it's about connecting. ❤️  The best social media strategies don't just push promotions; they take time to build relationships with their audience. Customers want to engage with real people, not a business. So how do you strike the right balance? Brands that do it well see higher engagement, stronger loyalty, and more impact (no pun intended).  Take a look at our blog where we put together key strategies to help businesses use social media effectively 👉 https://tinyurl.com/mbf95frk  #SocialMediaTips  #Marketing #MarketingTips  Discover a great career with Impact here: https://bit.ly/3HHzuro  Explore what Impact can do for you: https://bit.ly/3UG087v  Subscribe to our newsletter: https://bit.ly/3JR8PtJ  Follow Impact on social media!  LinkedIn: https://www.linkedin.com/company/impact-networking Facebook: https://www.facebook.com/impactmybiz Twitter: https://twitter.com/impactmybiz Instagram: https://www.instagram.com/impactmybiz/?hl=en","https://www.youtube.com/shorts/XKC72Fpmu6I","XKC72Fpmu6I","53","3","-","53","-","0"
"FACEBOOK","Impact Networking","2025-03-06 08:30:56","VIDEO","Timeline","No","No","No","Social media marketing isn't just about posting - it's about connecting. ❤️  The best social media strategies don't just push promotions; they take time to build relationships with their audience. Customers want to engage with real people, not a business. So how do you strike the right balance? Brands that do it well see higher engagement, stronger loyalty, and more impact (no pun intended).  Take a look at our blog where we put together key strategies to help businesses use social media effectively 👉 https://tinyurl.com/mt5farvz  #SocialMediaTips #Marketing #MarketingTips","https://www.facebook.com/reel/1353600979175506/","115064325253588_1068274901988224","209","4","194","114","2.06","2"
"LINKEDIN","Impact Networking, LLC","2025-03-06 08:02:25","VIDEO","Timeline","-","-","No","The businesses that win the social media game all have one thing in common: they build conversations. 🗣️  Yet, too many brands fall into the same trap:  ❌ Ignoring what their audience wants ❌ Treating social like a one-way street instead of a community ❌ Posting without understanding the value  Brands that stand out are:  ✅ Consistent - show up with valuable content regularly ✅ Engaging - ask, respond, and interact with followers ✅ Data-driven - track performance and adjust accordingly ✅ Authentic - people want to connect with people, not brands  Want to create a social media strategy that ACTUALLY works? We've broken down key tactics every business should be using today. Read the full guide here 👉 https://hubs.ly/Q038SyJN0  {hashtag|\#|SocialMediaTips} {hashtag|\#|Marketing} {hashtag|\#|MarketingTips}","https://www.linkedin.com/feed/update/urn:li:ugcPost:7303444855605579778","urn:li:ugcPost:7303444855605579778","1420","21","845","610","2.49","3"
"FACEBOOK","Impact Networking","2025-03-05 15:23:25","VIDEO","Timeline","No","No","No","👩‍💼 Women belong in every industry, every boardroom, and every leadership role.  At Impact, we don't just celebrate Women's History Month - we actively work to create a culture where women thrive and feel empowered year-round. Our Women at Impact ERG is dedicated to providing support, mentorship, and opportunities for growth, ensuring that women at all levels of the organization have the resources they need to lead and succeed. 💜  This month, we’re highlighting the women at Impact who are breaking barriers and making an impact every day. Who’s a woman in your life or workplace that inspires you? Drop their name in the comments and let’s celebrate them together!  #WomensHistoryMonth #EmpoweredWomenEmpower #MakeAnImpact","https://www.facebook.com/reel/1877915652952019/","115064325253588_1067703432045371","194","7","180","64","3.89","2"
"INSTAGRAM","Impact Networking","2025-03-05 10:03:30","REELS","REELS","No","No","No","Women have always made an impact - past, present, and future! 💪⁠ ⁠ At Impact, we celebrate all the powerful women who shape today and tomorrow. Our Women at Impact ERG is dedicated to fostering growth, mentorship, and #empowerment. ❤️✨⁠ ⁠ This #WomensHistoryMonth, we're proud to highlight the women of Impact who are breaking barriers and driving change every day. 💜⁠ ⁠ Tag a woman who inspires you!⁠ ⁠ #EmpoweredWomenEmpower","https://www.instagram.com/reel/DG07KHDsujp/","18081763582627682","1331","30","1044","-","2.87","4"
"YOUTUBE","Impact My Biz","2025-03-05 10:00:01","SHORT","Timeline","-","No","-","👩‍💼 Women belong in every industry, every boardroom, and every leadership role.  At Impact, we don't just celebrate Women's History Month - we actively work to create a culture where women thrive and feel empowered year-round. Our   Women at Impact ERG is dedicated to providing support, mentorship, and opportunities for growth, ensuring that women at all levels of the organization have the resources they need to lead and succeed. 💜  This month, we’re highlighting the women at Impact who are breaking barriers and making an impact every day.  Who’s a woman in your life or workplace that inspires you? Drop their name in the comments and let’s celebrate them together! #WomensHistoryMonth #EmpoweredWomenEmpower #MakeAnImpact  Acoustic Meditation 2 by Audionautix is licensed under a Creative Commons Attribution 4.0 license. https://creativecommons.org/licenses/by/4.0/  Discover a great career with Impact here: https://bit.ly/3HHzuro  Explore what Impact can do for you: https://bit.ly/3UG087v  Subscribe to our newsletter: https://bit.ly/3JR8PtJ  Follow Impact on social media!  LinkedIn: https://www.linkedin.com/company/impact-networking Facebook: https://www.facebook.com/impactmybiz Twitter: https://twitter.com/impactmybiz Instagram: https://www.instagram.com/impactmybiz/?hl=en","https://www.youtube.com/shorts/2OiqfOPwlpc","2OiqfOPwlpc","41","2","-","41","-","1"
"LINKEDIN","Impact Networking, LLC","2025-03-05 07:32:20","VIDEO","Timeline","-","-","No","Women belong in every room where decisions are made. 💪  At Impact, we’re committed to fostering an environment where women have the support, resources, and opportunities to lead and succeed. Through Women at Impact, our employee resource group, we’re driving initiatives that support mentorship, leadership development, and advocacy for gender equity. 💜  This Women’s History Month, we’re proud to highlight the women of Impact who are breaking barriers and driving change every day. ✨  Tag a woman who inspires you! {hashtag|\#|EmpoweredWomenEmpower} {hashtag|\#|WomensHistoryMonth} {hashtag|\#|MakeAnImpact}","https://www.linkedin.com/feed/update/urn:li:ugcPost:7303074895318372352","urn:li:ugcPost:7303074895318372352","2842","87","1567","1415","5.55","13"
"PINTEREST","Impact Networking | Essential Business Solutions","2025-03-03 20:00:33","IMAGE","Timeline","-","No","-","B2B social media doesn’t have to be boring—organic content can build trust, engagement, and leads. Check out how in our blog! ✨","https://pinterest.com/pin/77757531062497097/","77757531062497097","16346","67","-","-","-","-"
"LINKEDIN","Impact Networking, LLC","2025-03-03 08:00:26","LINK","Timeline","-","-","No","Data lake or data warehouse? The way your business stores data impacts everything from analysis to decision-making. But how do you know which one is right for you? 🤔  A data lake stores massive amounts of raw, unstructured data—perfect for businesses collecting data at scale for deep analysis later.  A data warehouse, on the other hand, organizes structured data for quick access, making it ideal for reporting and analytics.   Choosing the right solution depends on your needs. Do you require flexibility and scale, or structured data for fast insights?   Check out our article where we dive into the differences and figure out which one works best for your company! 👇   {hashtag|\#|DataPrivacy} {hashtag|\#|DataSafety} {hashtag|\#|CyberTips} {hashtag|\#|Cybersec}","https://www.linkedin.com/feed/update/urn:li:ugcPost:7301363212069834752","urn:li:ugcPost:7301363212069834752","1358","18","902","-","2","3"
"YOUTUBE","Impact My Biz","2025-02-28 08:00:45","VIDEO","Timeline","-","No","-","One of the big decisions you’ll face when designing a website is whether to go with a static or dynamic site. There are pros and cons to both, and in this video, we’ll walk you through everything you need to know to understand which one might be right for you.   Key Moments:  [00:00] Intro  [00:10] Difference Between Static & Dynamic Websites  [00:28] What is a Static Website?  [00:53] Examples of Static Websites  [01:10] Pros & Cons of Static Websites  [03:01] What is a Dynamic Website?  [03:48] Examples of Dynamic Websites  [04:06] Pros & Cons of Dynamic Websites   Discover a great career with Impact here: https://bit.ly/3HHzuro  Explore what Impact can do for you: https://bit.ly/3UG087v  Subscribe to our newsletter: https://bit.ly/3JR8PtJ  Follow Impact on social media!  LinkedIn: https://www.linkedin.com/company/impact-networking Facebook: https://www.facebook.com/impactmybiz Twitter: https://twitter.com/impactmybiz Instagram: https://www.instagram.com/impactmybiz/?hl=en","https://www.youtube.com/watch?v=_IuAo62TONg","_IuAo62TONg","515","14","-","515","-","8"
"LINKEDIN","Impact Networking, LLC","2025-02-27 08:15:01","LINK","Timeline","-","-","No","February's edition of The Edge has just dropped! 💥  This month, we cover: - How tech adoption isn’t one size fits all - Why tech updates don’t succeed without the right strategy - How to learn from others who have already been through the same tech challenges  Don't forget to read and subscribe below! 👇  {hashtag|\#|businessnews} {hashtag|\#|businessnewsletter} {hashtag|\#|businesstechnewsletter} {hashtag|\#|biznews}  {hashtag|\#|cybernews} {hashtag|\#|marketingnews} {hashtag|\#|techadoption}","https://www.linkedin.com/feed/update/urn:li:ugcPost:7298117623781695489","urn:li:ugcPost:7298117623781695489","1832","25","985","-","2.54","3"
"INSTAGRAM","Impact Networking","2025-02-26 10:05:14","CAROUSEL","Timeline","No","No","No","Let’s be honest: adopting new #technology is not as simple as clicking “next” on a software update. 🤷 It comes with challenges like lengthy learning curves, and productivity slip ups.⁠ ⁠ Our #BusinessTechnology Adoption Report digs deep into these challenges, exploring real world insights and providing strategies to help businesses overcome them.⁠ ⁠ Download the full report at the link in our bio for more insights that will help your business be ready for the future!","https://www.instagram.com/p/DGi6IXDPQ48/","18096223063519878","624","11","230","-","4.78","0"
"LINKEDIN","Impact Networking, LLC","2025-02-26 07:16:07","DOCUMENT","Timeline","-","-","No","Let’s be honest: adopting new technology is not as simple as clicking “next” on a software update. 🤷 It comes with challenges such as lengthy learning curves and productivity slip ups.  But here’s a tip: companies that simplify the process, prioritize training, and communicate how new tech benefits everyone aren’t only adopting new tech but future-proofing their teams! 🤝💻  Our Business Technology Adoption Report digs deep into these challenges, exploring real world insights and providing strategies to help businesses overcome them.  Download the full report for more insights that will help your business be ready for the future! ⬇️  https://hubs.ly/Q037MSq20  {hashtag|\#|Innovation} {hashtag|\#|BussinessTechnology} {hashtag|\#|Technology} {hashtag|\#|TechTrends}","https://www.linkedin.com/feed/update/urn:li:ugcPost:7300534097628565504","urn:li:ugcPost:7300534097628565504","1459","25","856","-","2.92","6"
"LINKEDIN","Impact Networking, LLC","2025-02-24 08:45:47","LINK","Timeline","-","-","No","80% of companies say they have a strong tech adoption strategy, yet 90% of employees struggle with actually using that technology. 👀😳   Where’s the disconnect? More importantly, how can businesses close the gap between confidence and reality?    Join us March 20th at 1pm CST for a webinar featuring @[Alexander Abernathy](urn:li:person:BgvejOiHc1), Consultant, Technology & Security at Impact; and @[David Clark](urn:li:person:OoRGnEJbgV), Director of IT at @[The HFW Companies](urn:li:organization:64723387) as they talk about the why behind bad tech rollouts and how businesses can make this process as pain-free as possible.  Save your spot now! 👉 https://lnkd.in/dADtXa38  {hashtag|\#|Webinar} {hashtag|\#|TechAdoption} {hashtag|\#|TechTrends} {hashtag|\#|Tech}","https://www.linkedin.com/feed/update/urn:li:ugcPost:7299831890834817024","urn:li:ugcPost:7299831890834817024","2380","35","1109","-","3.16","10"
"PINTEREST","Impact Networking | Essential Business Solutions","2025-02-24 06:30:43","IMAGE","Timeline","-","No","-","Looking to elevate your brand awareness expertise? Hear from some of our Managed Marketing experts about diagnosing, planning, and executing award winning strategies! 💡✨   Watch the on-demand webinar on our website. 💻","https://pinterest.com/pin/77757531062465299/","77757531062465299","68","0","-","-","-","-"
"PINTEREST","Impact Networking | Essential Business Solutions","2025-02-20 19:01:12","IMAGE","Timeline","-","No","-","We made organizing and optimizing your blogs much simpler with this template. Download it now! ✨💻","https://pinterest.com/pin/77757531062453352/","77757531062453352","68","0","-","-","-","-"
"FACEBOOK","Impact Networking","2025-02-20 15:05:53","VIDEO","Timeline","No","No","No","Smart cities use technology and IoT to connect systems such as traffic, waste, and infrastructure, making life more efficient and sustainable. Discover how current smart cities are leading the way in adapting real-time tech to improve urban life. 🚦🌆   Follow us for more tech trends!  Check out these resources for more on Smart Cities:  https://www.ibm.com/topics/smart-city  https://earth.org/top-7-smart-cities-in-the-world/  https://www.mckinsey.com/capabilities/operations/our-insights/smart-cities-digital-solutions-for-a-more-livable-future  #SmartCity, #IoT, #IoTProjects, #TechTrends","https://www.facebook.com/reel/1423060472411543/","115064325253588_1057778696371178","228","6","212","104","2.83","1"
"INSTAGRAM","Impact Networking","2025-02-20 10:03:29","REELS","REELS","No","No","No","Smart cities use technology and #IoT to connect systems such as traffic, waste, and infrastructure, making life more efficient and #sustainable. Discover how current smart cities are leading the way in adapting real-time tech to improve urban life. 🚦🌆⁠ ⁠ Follow us for more #techtrends!⁠ ⁠ #SmartCity","https://www.instagram.com/reel/DGTc0fhsbRh/","18313041637207827","582","12","446","-","2.69","1"
"YOUTUBE","Impact My Biz","2025-02-20 08:45:03","SHORT","Timeline","-","No","-","Smart cities use technology and IoT to connect systems such as traffic, waste, and infrastructure, making life more efficient and sustainable. Discover how current smart cities are leading the way in adapting real-time tech to improve urban life. 🚦🌆   Follow us for more tech trends!    Check out these resources for more on Smart Cities:   https://www.ibm.com/topics/smart-city  https://earth.org/top-7-smart-cities-in-the-world/  https://www.mckinsey.com/capabilities/operations/our-insights/smart-cities-digital-solutions-for-a-more-livable-future   Discover a great career with Impact here: https://bit.ly/3HHzuro  Explore what Impact can do for you: https://bit.ly/3UG087v  Subscribe to our newsletter: https://bit.ly/3JR8PtJ  Follow Impact on social media!  LinkedIn: https://www.linkedin.com/company/impact-networking Facebook: https://www.facebook.com/impactmybiz Twitter: https://twitter.com/impactmybiz Instagram: https://www.instagram.com/impactmybiz/?hl=en","https://www.youtube.com/shorts/hh0gw2rZyOM","hh0gw2rZyOM","282","2","-","282","-","1"
"LINKEDIN","Impact Networking, LLC","2025-02-20 07:32:05","VIDEO","Timeline","-","-","No","Smart cities use technology and IoT to connect systems such as traffic, waste, and infrastructure, making life more efficient and sustainable. Discover how current smart cities are leading the way in adapting real-time tech to improve urban life. 🚦🌆  Follow us for more tech trends!  Checkout these resources for more on Smart Cities:  - https://hubs.ly/Q036F9f70  - https://hubs.ly/Q036Fr5B0  - https://hubs.ly/Q036Fj8K0   {hashtag|\#|SmartCity}, {hashtag|\#|IoT}, {hashtag|\#|IoTProjects}, {hashtag|\#|TechTrends}","https://www.linkedin.com/feed/update/urn:li:ugcPost:7298363792017539073","urn:li:ugcPost:7298363792017539073","1594","30","868","543","3.46","3"
"LINKEDIN","Impact Networking, LLC","2025-02-18 11:39:02","TEXT","Timeline","-","-","Yes","Check what our President of Managed IT Services, @[Patrick Layton](urn:li:person:PW4kLoUGj\_),  has to say about the challenges and strategies behind transitioning from traditional print services to Managed IT Services—and why a consultative approach and cultural shift are key to making it work. 💪💻  Read the full article here: https://lnkd.in/eG56532A ","https://www.linkedin.com/feed/update/urn:li:share:7297701160809873408","urn:li:share:7297701160809873408","1582","18","965","-","1.87","0"
"FACEBOOK","Impact Networking","2025-02-17 15:03:15","VIDEO","Timeline","No","No","No","Imagine this: AI that adapts to you. Except, you don’t really have to imagine.  Listen in with a few of our AI experts, Jon Evans and Anna DeGiulio, as they explore how user-centric AI is putting people back in control.  See how AI can empower you to create, lead, and simplify! ⬇️  https://shorturl.at/EicCe   #AI #Innovation #GenAI #TechTrends","https://www.facebook.com/reel/455693920844183/","115064325253588_1055363033279411","223","7","204","107","3.43","2"
"YOUTUBE","Impact My Biz","2025-02-17 09:00:14","SHORT","Timeline","-","No","-","Imagine this: AI that adapts to you. Except, you don’t really have to imagine.   Listen in with a few of our AI experts, @Jon Evans and @Anna DeGiulio, as they explore how user-centric AI puts people back in control.    Watch the full video on our channel to see how AI can empower you to create, lead, and simplify!  #AI #Innovation #GenAI #TechTrends   Discover a great career with Impact here: https://bit.ly/3HHzuro  Explore what Impact can do for you: https://bit.ly/3UG087v  Subscribe to our newsletter: https://bit.ly/3JR8PtJ  Follow Impact on social media!  LinkedIn: https://www.linkedin.com/company/impact-networking Facebook: https://www.facebook.com/impactmybiz Twitter: https://twitter.com/impactmybiz Instagram: https://www.instagram.com/impactmybiz/?hl=en","https://www.youtube.com/shorts/8HZDZ79IjUY","8HZDZ79IjUY","28","2","-","28","-","0"
"LINKEDIN","Impact Networking, LLC","2025-02-17 07:32:16","VIDEO","Timeline","-","-","No","Imagine this: AI that adapts to you. Except, you don’t really have to imagine.  Listen in with a few of our AI experts, @[Jon Evans](urn:li:person:pxaDc4cPBs) and @[Anna DeGiulio](urn:li:person:qEdVtqOKPQ) as they explore how user-centric AI is putting people back in control.  See how AI can empower you to create, lead, and simplify! ⬇️  https://hubs.ly/Q036F9Sz0  {hashtag|\#|AI} {hashtag|\#|Innovation} {hashtag|\#|GenAI} {hashtag|\#|TechTrends}","https://www.linkedin.com/feed/update/urn:li:ugcPost:7297276672653807616","urn:li:ugcPost:7297276672653807616","2963","58","1427","1275","4.06","10"
"FACEBOOK","Impact Networking","2025-02-13 13:54:37","VIDEO","Timeline","No","No","No","Turns out, most people are ready to embrace new tech – especially when training programs and support are on point. 💻✨  4 out of 5 employees feel comfortable adopting new #tech but what about the other 20%? 👀  Our Business Technology Adoption Report explores how training, resources, and communication can turn hesitation into confidence. ⬇️  https://info.impactmybiz.com/business-technology-adoption-report  #Innovation #BusinessTechnology #Technology #TechTrends","https://www.facebook.com/reel/1368484774317830/","115064325253588_1052161513599563","246","4","229","92","1.75","1"
"YOUTUBE","Impact My Biz","2025-02-13 11:00:37","SHORT","Timeline","-","No","-","Turns out, most people are ready to embrace new tech – especially when training programs and support are on point. 💻✨  4 out of 5 employees feel comfortable adopting new #tech but what about the other 20%? 👀  Our Business Technology Adoption Report explores how training, resources, and communication can turn hesitation into confidence. ⬇️  https://info.impactmybiz.com/business-technology-adoption-report  #Innovation #BusinessTechnology #Technology #TechTrends  Discover a great career with Impact here: https://bit.ly/3HHzuro  Explore what Impact can do for you: https://bit.ly/3UG087v  Subscribe to our newsletter: https://bit.ly/3JR8PtJ  Follow Impact on social media!  LinkedIn: https://www.linkedin.com/company/impact-networking Facebook: https://www.facebook.com/impactmybiz Twitter: https://twitter.com/impactmybiz Instagram: https://www.instagram.com/impactmybiz/?hl=en","https://www.youtube.com/shorts/rwLN-goX9NQ","rwLN-goX9NQ","326","6","-","326","-","1"
"INSTAGRAM","Impact Networking","2025-02-13 09:00:00","REELS","REELS","No","No","No","Turns out, most people are ready to embrace new tech – especially when training programs and support are on point. 💻✨   We’ve got the stats to back it up! 😎   Download the full breakdown at the link in our bio to see how training, resources, and communication can turn technology fear into technology confidence.","https://www.instagram.com/reel/DGBUYsuvi1p/","18021489038415030","913","35","563","-","6.22","8"
"LINKEDIN","Impact Networking, LLC","2025-02-13 06:00:59","IMAGE","Timeline","-","-","No","Being comfortable with adopting new technology is vital – and the majority of employees are ready to embrace it! 🙌  Almost 80% of workers feel at ease integrating new tools into their workflows, thanking training programs and confidence in tech’s ability to drive growth.  But what about the other 20%? 👀 This group presents an opportunity for companies to improve resources, enhance support, and create an environment where everyone thrives with new technology.  Want to see how businesses are driving adoption and empowering their teams? Download our Business Technology Adoption Report for insights in how you can increase the comfort level of embracing technology! ⬇️  https://hubs.ly/Q036w\_k50  {hashtag|\#|Innovation} {hashtag|\#|BusinessTechnology} {hashtag|\#|Technology} {hashtag|\#|TechTrends}","https://www.linkedin.com/feed/update/urn:li:share:7295804147839246336","urn:li:share:7295804147839246336","1335","36","772","-","4.66","6"
"YOUTUBE","Impact My Biz","2025-02-12 07:21:40","VIDEO","Timeline","-","No","-","There’s no worse feeling than realizing one of your accounts might be compromised. But did you know that if you use multi-factor authentication, you can increase the security of your accounts a ton?    Follow these tips to see the strongest types of MFA and how to use them.   Discover a great career with Impact here: https://bit.ly/3HHzuro  Explore what Impact can do for you: https://bit.ly/3UG087v  Subscribe to our newsletter: https://bit.ly/3JR8PtJ  Follow Impact on social media!  LinkedIn: https://www.linkedin.com/company/impact-networking Facebook: https://www.facebook.com/impactmybiz Twitter: https://twitter.com/impactmybiz Instagram: https://www.instagram.com/impactmybiz/?hl=en","https://www.youtube.com/watch?v=2Zz2Kh1TwmY","2Zz2Kh1TwmY","149","14","-","149","-","9"
"FACEBOOK","Impact Networking","2025-02-11 13:17:48","VIDEO","Timeline","No","No","No","We like to have fun around here! Especially when it comes to creating our organic social media content. ✨🤳  Organic social media = authentic connections  By sharing that unpaid content, you’re able to establish a brand’s voice and engage with your community on a personal level.  Discover how to harness the power of organic strategies at https://tinyurl.com/4x8495er  #SocialMediaTips #MarketingIdeas #Marketing #ManagedMarketing","https://www.facebook.com/reel/1845237796245692/","115064325253588_1050712187077829","300","8","288","195","2.78","1"
"INSTAGRAM","Impact Networking","2025-02-11 13:10:00","REELS","REELS","No","No","No","We like to have fun around here! Especially when it comes to creating our organic #socialmedia content. ✨🤳   Organic social media = authentic connections  By sharing that unpaid content, you’re able to establish a brand’s voice and engage with your community on a personal level.   Discover how to harness the power of organic strategies at the link in our bio! ⤴️  #SocialMediaTips","https://www.instagram.com/reel/DF8nYd6xrV7/","18029806748312375","3659","80","2138","-","3.74","17"
"LINKEDIN","Impact Networking, LLC","2025-02-11 08:59:58","VIDEO","Timeline","-","-","No","With all the talk about paid ads, it’s easy to overlook the power of organic social media – but brands that invest in it see long-term results that ads alone can’t achieve.  In today’s digital landscape, an effective organic social media strategy is crucial for establishing a brand’s voice and fostering meaningful customer relationships.  At the top of the funnel, organic strategies help with:  ✨ Brand awareness ✨ Thought leadership ✨ Community building  Want to learn how to refine your organic strategy? Check it out in our blog 👉 https://hubs.ly/Q035PcFV0  {hashtag|\#|SocialMediaTips} {hashtag|\#|MarketingIdeas} {hashtag|\#|Marketing} {hashtag|\#|ManagedMarketing}","https://www.linkedin.com/feed/update/urn:li:ugcPost:7295124417708179456","urn:li:ugcPost:7295124417708179456","3012","47","1816","1892","2.59","4"
"YOUTUBE","Impact My Biz","2025-02-11 08:00:17","SHORT","Timeline","-","No","-","We like to have fun around here! Especially when it comes to creating our organic social media content. ✨🤳  Organic social media = authentic connections  By sharing that unpaid content, you’re able to establish a brand’s voice and engage with your community on a personal level.  Discover how to harness the power of organic strategies at https://www.impactmybiz.com/blog/organic-vs-paid-social-media-strategies/  #SocialMediaTips #MarketingIdeas #Marketing #ManagedMarketing  Discover a great career with Impact here: https://bit.ly/3HHzuro  Explore what Impact can do for you: https://bit.ly/3UG087v  Subscribe to our newsletter: https://bit.ly/3JR8PtJ  Follow Impact on social media!  LinkedIn: https://www.linkedin.com/company/impact-networking Facebook: https://www.facebook.com/impactmybiz Twitter: https://twitter.com/impactmybiz Instagram: https://www.instagram.com/impactmybiz/?hl=en","https://www.youtube.com/shorts/MTKRQAWjGmA","MTKRQAWjGmA","608","13","-","608","-","0"
"INSTAGRAM","Impact Networking","2025-02-10 12:03:38","REELS","REELS","No","No","No","There’s no worse feeling than realizing one of your accounts might be compromised. 🫢 But did you know that if you use multi-factor authentication, you can increase the security of your accounts a ton? 📈⁠ ⁠ Follow these tips to see the strongest types of #MFA and how to use them.⁠ ⁠ #CyberTips","https://www.instagram.com/reel/DF56nC2MqAO/","18058189550055590","441","12","317","-","3.79","0"
"LINKEDIN","Impact Networking, LLC","2025-02-10 11:04:07","VIDEO","Timeline","-","-","No","There’s no worse feeling than realizing one of your accounts might be compromised. 👀 But did you know that if you use multi-factor authentication, you can increase the security of your accounts a ton!📈  Follow the tips in our blog to see the strongest types of MFA and how to use them 👉 https://hubs.ly/Q035\_\_3W0  {hashtag|\#|MFA} {hashtag|\#|CyberTips} {hashtag|\#|Cybersecurity}","https://www.linkedin.com/feed/update/urn:li:ugcPost:7294793272244244481","urn:li:ugcPost:7294793272244244481","1009","22","643","508","3.42","0"
"FACEBOOK","Impact Networking","2025-02-10 10:02:33","VIDEO","Timeline","No","No","No","There’s no worse feeling than realizing one of your accounts might be compromised. But did you know that if you use multi-factor authentication, you can increase the security of your accounts a ton?    Follow the tips in our blog to see the strongest types of MFA and how to use them 👉 https://tinyurl.com/2r697zfj  #CyberTips #MFA #Cybersecurity","https://www.facebook.com/reel/975945680582301/","115064325253588_1049931210489260","169","2","156","61","1.28","1"
"YOUTUBE","Impact My Biz","2025-02-10 09:30:01","SHORT","Timeline","-","No","-","There’s no worse feeling than realizing one of your accounts might be compromised. 👀 But did you know that if you use multi-factor authentication, you can increase the security of your accounts a ton?  📈  Follow the tips in our blog to see the strongest types of MFA and how to use them 👉 https://tinyurl.com/29v98wna  Discover a great career with Impact here: https://bit.ly/3HHzuro  Explore what Impact can do for you: https://bit.ly/3UG087v  Subscribe to our newsletter: https://bit.ly/3JR8PtJ  Follow Impact on social media!  LinkedIn: https://www.linkedin.com/company/impact-networking Facebook: https://www.facebook.com/impactmybiz Twitter: https://twitter.com/impactmybiz Instagram: https://www.instagram.com/impactmybiz/?hl=en","https://www.youtube.com/shorts/7JjMF6W532A","7JjMF6W532A","51","0","-","51","-","0"
"PINTEREST","Impact Networking | Essential Business Solutions","2025-02-10 06:02:46","IMAGE","Timeline","-","No","-","The customer journey is made up of several interactions a consumer has with a brand. 👀   Check out our blog to see how you can create effective touchpoints that resonate with your audience. 🌟","https://pinterest.com/pin/77757531062420578/","77757531062420578","292","0","-","-","-","-"
"FACEBOOK","Impact Networking","2025-02-06 16:00:01","VIDEO","Timeline","No","No","No","To celebrate and honor Black History Month we’re highlighting our BIPOC Employee Resource Group (ERG). ❤️✨   At Impact, amplifying employee voices is a top priority. One of the ways we accomplish this is by establishing ERGs. These resource groups not only allow for a sense of belonging, but improve employee engagement, retention, and career development. 🌟   Hear from some of our members of our BIPOC ERG about their experiences at Impact and the importance of celebrating Black History Month.  Interested in learning more about our DEI practices? Head to https://tinyurl.com/5hf54put to see how we celebrate diversity.    #DEI #BlackHistoryMonth #ERG #EmployeeEngagement #CareerDevelopment","https://www.facebook.com/reel/570245172663084/","115064325253588_1046332694182445","173","1","160","18","0.63","0"
"INSTAGRAM","Impact Networking","2025-02-06 09:53:15","REELS","REELS","No","No","No","To celebrate and honor #BlackHistoryMonth we’re highlighting our BIPOC Employee Resource Group (#ERG). ❤️✨ ⁠ ⁠ Hear from some of our members of our BIPOC ERG about their experiences at Impact and the importance of celebrating Black History Month.⁠ ⁠ Interested in learning more about our DEI practices? Head to the link in our bio to see how we celebrate #diversity.","https://www.instagram.com/reel/DFvYhKCgK91/","17894357637119329","601","14","428","-","3.27","1"
"YOUTUBE","Impact My Biz","2025-02-06 09:01:04","SHORT","Timeline","-","No","-","To celebrate and honor Black History Month we’re highlighting our BIPOC Employee Resource Group (ERG). ❤️✨   At Impact, amplifying employee voices is a top priority. One of the ways we accomplish this is by establishing ERGs. These resource groups not only allow for a sense of belonging, but improve employee engagement, retention, and career development. 🌟   Hear from some of our members of our BIPOC ERG about their experiences at Impact and the importance of celebrating Black History Month.  Interested in learning more about our DEI practices? Head to https://bit.ly/40Sunx0 to see how we celebrate diversity.    #DEI #BlackHistoryMonth #ERG #EmployeeEngagement #CareerDevelopment  Discover a great career with Impact here: https://bit.ly/3HHzuro  Explore what Impact can do for you: https://bit.ly/3UG087v  Subscribe to our newsletter: https://bit.ly/3JR8PtJ  Follow Impact on social media!  LinkedIn: https://www.linkedin.com/company/impact-networking Facebook: https://www.facebook.com/impactmybiz Twitter: https://twitter.com/impactmybiz Instagram: https://www.instagram.com/impactmybiz/?hl=en","https://www.youtube.com/shorts/sksa2lDI_fc","sksa2lDI_fc","22","1","-","22","-","0"
"LINKEDIN","Impact Networking, LLC","2025-02-06 08:02:26","VIDEO","Timeline","-","-","No","To celebrate and honor Black History Month we’re highlighting our BIPOC Employee Resource Group \(ERG\). ❤️✨   At Impact, amplifying employee voices is a top priority. One of the ways we accomplish this is by establishing ERGs. These resource groups not only allow for a sense of belonging, but improve employee engagement, retention, and career development. 🌟   Hear from some of our members of our BIPOC ERG about their experiences at Impact and the importance of celebrating Black History Month.  Interested in learning more about our DEI practices? Head to https://bit.ly/40LPe4P to see how we celebrate diversity.    {hashtag|\#|DEI} {hashtag|\#|BlackHistoryMonth} {hashtag|\#|ERG} {hashtag|\#|EmployeeEngagement} {hashtag|\#|CareerDevelopment}","https://www.linkedin.com/feed/update/urn:li:ugcPost:7293297998946521090","urn:li:ugcPost:7293297998946521090","1551","51","913","995","5.59","5"
"YOUTUBE","Impact My Biz","2025-02-06 08:00:32","SHORT","Timeline","-","No","-","To celebrate and honor Black History Month we’re highlighting our BIPOC Employee Resource Group (ERG). ❤️✨   At Impact, amplifying employee voices is a top priority. One of the ways we accomplish this is by establishing ERGs. These resource groups not only allow for a sense of belonging, but improve employee engagement, retention, and career development. 🌟   Hear from some of our members of our BIPOC ERG about their experiences at Impact and the importance of celebrating Black History Month.  Interested in learning more about our DEI practices? Head to https://bit.ly/40Sunx0 to see how we celebrate diversity.    #DEI #BlackHistoryMonth #ERG #EmployeeEngagement #CareerDevelopment","https://www.youtube.com/shorts/lIYCraURurk","lIYCraURurk","5","0","-","5","-","0"
"LINKEDIN","Impact Networking, LLC","2025-02-05 07:00:06","LINK","Timeline","-","-","No","We're excited to announce that Impact is expanding into Cleveland, Ohio! 🎉  This is a huge milestone for our team as we continue to grow and bring our innovative solutions to even more companies across the country.  The Ohio branch was founded by @[Ken Vanden Haute](urn:li:person:IQdpi5lUMi), a superb technology and sales leader with over 30 years of experience. He'll be serving as President of Impact Ohio!  We'll offer IT, cybersecurity, digital transformation \(which includes AI strategy\), and managed marketing services to Cleveland and surrounding areas.   Check out more about our expansion at https://bit.ly/3CJWMgm  While you're at it, drop your Cleveland food recommendations below! ⬇️  {hashtag|\#|ImpactOhio} {hashtag|\#|Innovation} {hashtag|\#|MakeAnImpact} {hashtag|\#|Growth} {hashtag|\#|Expansion}","https://www.linkedin.com/feed/update/urn:li:share:7292919922458800128","urn:li:share:7292919922458800128","5664","169","2631","-","6.42","26"
"LINKEDIN","Impact Networking, LLC","2025-02-04 10:00:09","TEXT","Timeline","-","-","Yes","It was such a privilege to have @[Frank G. Cannata](urn:li:person:z-Cn44TmXq) join us at our annual ACM and 25th anniversary celebration in Puerto Vallarta, MX.   Frank's insights and support mean the world to us, and we're grateful for his continued support in the business technology industry.   {hashtag|\#|Innovation} {hashtag|\#|MakeAnImpact} {hashtag|\#|Growth}","https://www.linkedin.com/feed/update/urn:li:share:7291231297815879680","urn:li:share:7291231297815879680","1543","17","907","-","1.87","2"
"INSTAGRAM","Impact Networking","2025-02-03 12:05:17","CAROUSEL","Timeline","No","No","No","#Diversity and inclusion practices, commonly known as #DEI, are a set of values and practices that ensure everyone within a company is treated fairly with equal opportunities. ❤️ ⁠ ⁠ At Impact, we celebrate not only our employees, but clients and community as well. We foster an environment where employees can come together to bring ideas to life. ✨ ⁠ ⁠ Head to the link in our bio to see benefits to creating an inclusive office. ⁠ ⁠ #DiversityAndInclusion","https://www.instagram.com/p/DFn5lmRzvAu/","17910806859082400","826","11","448","-","2.46","1"
"LINKEDIN","Impact Networking, LLC","2025-02-03 11:49:21","TEXT","Timeline","-","-","Yes","We’re very proud to support organizations like @[Foothill Family](urn:li:organization:1312124)! If you or your company have been thinking of ways to help those affected by the recent California fires, we encourage to read more about Foothill Family's mission and how they can help below. 👇","https://www.linkedin.com/feed/update/urn:li:share:7292267941297803267","urn:li:share:7292267941297803267","800","13","492","-","2.64","2"
"LINKEDIN","Impact Networking, LLC","2025-02-03 08:30:44","DOCUMENT","Timeline","-","-","No","Diversity and inclusion practices, commonly known as DEI, are a set of values and practices that ensure everyone within a company is treated fairly with equal opportunities.   Upholding a DEI policy not only has a positive effect on employees, but clients and consumers, too. With a new, younger crowd over taking the buyer market, many of them choose to work for or buy from companies that align with their values. 🤝🌟   At Impact, we celebrate not only our employees, but clients and community as well. We foster an environment where employees can come together to bring ideas to life. ✨   Head to https://hubs.ly/Q034Yswz0 to see benefits to creating an inclusive office.   {hashtag|\#|DEI} {hashtag|\#|Diversity} {hashtag|\#|Inclusion} {hashtag|\#|EmployeeEngagement}  ","https://www.linkedin.com/feed/update/urn:li:ugcPost:7292217958989189121","urn:li:ugcPost:7292217958989189121","1819","43","1040","-","4.13","6"
"LINKEDIN","Impact Networking, LLC","2025-01-31 09:30:05","TEXT","Timeline","-","-","Yes","A major milestone for our partner @[DOT Security](urn:li:organization:67927620) happened on Tuesday—they’ve officially rolled out a new ERP system, with the help of @[HaloPSA](urn:li:organization:36120741) PSA and @[Microsoft Dynamics365](urn:li:organization:17940767), the first upgrade in over a decade. This isn’t just about replacing outdated tools; it’s about creating the foundation we need to scale, innovate, and continue growing toward our vision. The journey hasn’t been easy, but every challenge along the way has taught us valuable lessons. We’re ready for the next chapter!  {hashtag|\#|Future} {hashtag|\#|Innovation} {hashtag|\#|ERP}","https://www.linkedin.com/feed/update/urn:li:share:7290780764013576192","urn:li:share:7290780764013576192","1192","12","785","-","1.53","0"
"INSTAGRAM","Impact Networking","2025-01-30 12:15:00","REELS","REELS","No","No","No","Starting this year, #CMMC 2.0 will be required for businesses working with the Department of Defense. Not complying could cost your business up to $1M per violation – definitely not how you want to kick off 2025. 😬   Whether you work with the DoD or just want to strengthen your security practices, CMMC compliance is your shield against #cyberthreats and costly risks.","https://www.instagram.com/reel/DFdnmjTTvqt/","17936827517973610","878","19","616","-","3.08","1"
"LINKEDIN","Impact Networking, LLC","2025-01-30 06:58:26","VIDEO","Timeline","-","-","No","Starting this year, {hashtag|\#|CMMC} 2.0 will be required for businesses working with the Department of Defense. Not complying could cost your business up to $1M per violation – definitely not how you want to kick off 2025. 😬   The updated Cybersecurity Maturity Model Certification \(CMMC 2.0\) makes compliance simpler by reducing levels from five to three and offering smaller businesses the option to self-assess. It’s easier, more accessible, and still ensures strong protection for sensitive defense data. 🛡️✨   Whether you work with the DoD or just want to strengthen your security practices, CMMC compliance is your shield against cyber threats and costly risks.   Head to https://hubs.ly/Q033-xNv0 to learn more about CMMC compliance.   {hashtag|\#|CMMC} {hashtag|\#|Cybersecurity} {hashtag|\#|CyberTips} ","https://www.linkedin.com/feed/update/urn:li:ugcPost:7290745176690507777","urn:li:ugcPost:7290745176690507777","3522","70","1768","1852","3.96","22"
"YOUTUBE","Impact My Biz","2025-01-30 06:56:37","SHORT","Timeline","-","No","-","Starting this year, CMMC 2.0 will be required for businesses working with the Department of Defense. Not complying could cost your business up to $1M per violation – definitely not how you want to kick off 2025. 😬   The updated Cybersecurity Maturity Model Certification (CMMC 2.0) makes compliance simpler by reducing levels from five to three and offering smaller businesses the option to self-assess. It’s easier, more accessible, and still ensures strong protection for sensitive defense data. 🛡️✨   Whether you work with the DoD or just want to strengthen your security practices, CMMC compliance is your shield against cyber threats and costly risks.   Head to our website to learn more about CMMC compliance.","https://www.youtube.com/shorts/ekVuImdzETA","ekVuImdzETA","850","22","-","850","-","9"
"FACEBOOK","Impact Networking","2025-01-30 06:56:22","VIDEO","Timeline","No","No","No","Starting this year, #CMMC 2.0 will be required for businesses working with the Department of Defense. Not complying could cost your business up to $1M per violation – definitely not how you want to kick off 2025. 😬   The updated Cybersecurity Maturity Model Certification (CMMC 2.0) makes compliance simpler by reducing levels from five to three and offering smaller businesses the option to self-assess. It’s easier, more accessible, and still ensures strong protection for sensitive defense data. 🛡️✨   Whether you work with the DoD or just want to strengthen your security practices, CMMC compliance is your shield against cyber threats and costly risks.   Head to https://hubs.ly/Q033-_Q00 to learn more about CMMC compliance.   #CMMC #Cybersecurity #CyberTips","https://www.facebook.com/reel/1858948694933452/","115064325253588_1041908164624898","194","1","176","61","0.57","0"
"INSTAGRAM","Impact Networking","2025-01-28 11:45:29","CAROUSEL","Timeline","No","No","No","Earlier this month, we kicked off 2025 in beautiful Puerto Vallarta, MX! ☀️🌊⁠ ⁠ Take a look at some of the unforgettable moments from our All Company Meeting and Welcome Dinner! 🌟 From the West Coast to the Midwest, all our branches came together to celebrate our 2024 achievements and gear up for an exciting year ahead. 💪✨⁠ ⁠ Employees! Drop your favorite memories below. 👇⁠ ⁠ #OneTeam #MakeAnImpact","https://www.instagram.com/p/DFYajSOT91c/","17844023448398768","2708","151","1630","-","9.26","19"
"LINKEDIN","Impact Networking, LLC","2025-01-28 09:30:03","TEXT","Timeline","-","-","Yes","With a leadership transition marking a pivotal moment, our CTO, @[Frank DeGeorge](urn:li:person:a1uvJ3zRNj), highlights how our new CEO, @[Michael Lepper](urn:li:person:RoVGs-9yxW), and senior leadership team are stepping up to drive Impact forward.  💪  During our All Company Meeting in Puerto Vallarta, MX, we launched refreshed company values, updated our mission, and set ambitious goals to align with our customer-centric approach and internal transformations.  From celebrating our team in Puerto Vallarta to unveiling bold new plans, we're kicking off 2025 with purpose. 🎉  {hashtag|\#|MakeAnImpact} {hashtag|\#|ImpactMyBiz} {hashtag|\#|Leadership} {hashtag|\#|ThoughtLeadership} {hashtag|\#|Innovation}","https://www.linkedin.com/feed/update/urn:li:share:7288624947457900544","urn:li:share:7288624947457900544","2789","49","1566","-","3.13","1"
"LINKEDIN","Impact Networking, LLC","2025-01-28 08:41:30","LINK","Timeline","-","-","No","Our Austin office is proud to support the @[Central Texas Public Safety Commission](urn:li:organization:104796503) and the @[Austin-Travis County EMS](urn:li:organization:2347244) in their effort to make a tough moment a little easier for kids.   With our donation, teddy bears will be stocked in Austin ambulances to provide comfort to children during emergencies.  Read more about this amazing initiative 👉 https://lnkd.in/gy3K5Tfm   {hashtag|\#|MakeAnImpact}","https://www.linkedin.com/feed/update/urn:li:share:7290046340913369088","urn:li:share:7290046340913369088","2742","57","1455","-","3.92","7"
"FACEBOOK","Impact Networking","2025-01-27 12:00:02","VIDEO","Timeline","No","No","No","See how Ava balances creativity and strategy as she manages social media at Impact’s Chicago office. 🏙️✨    Get a firsthand look at the mix of creativity and data-driven decisions that shape our digital presence.   From planning to execution, take a look at her daily routine.   Interested in joining the team? Head to https://hubs.ly/Q033Z8Fd0 and submit your application!   #DayInTheLife #WorkLife #OfficeTrends #SocialMedia","https://www.facebook.com/reel/1123838816100592/","115064325253588_1039936344822080","391","6","369","147","1.63","0"
"LINKEDIN","Impact Networking, LLC","2025-01-27 07:30:06","IMAGE","Timeline","-","-","No","🎉 Congrats to Carlos Rodríguez, one of our Production Service Technicians out of California, for being highlighted in @[KONICA MINOLTA, INC.](urn:li:organization:3238278) newsletter as Tech of the Month!  His ability to promptly and effectively resolve issues in a single visit has greatly enhanced Impact's service efficiency.  Thank you to Konica for highlighting Carlos' incredible work and thank you Carlos for always making an Impact! ✨  {hashtag|\#|MakeAnImpact} {hashtag|\#|CustomerService} {hashtag|\#|EmployeeAppreciation}","https://www.linkedin.com/feed/update/urn:li:share:7289665984276152321","urn:li:share:7289665984276152321","1432","48","859","-","5.59","1"
"PINTEREST","Impact Networking | Essential Business Solutions","2025-01-27 06:00:15","IMAGE","Timeline","-","No","-","A good-looking website draws the attention of consumers to your products and services. 💻❗ Download our eBook to learn how to make a quality website!","https://pinterest.com/pin/77757531062370979/","77757531062370979","61","0","-","-","-","-"
"LINKEDIN","Impact Networking, LLC","2025-01-24 11:10:18","IMAGE","Timeline","-","-","No","Earlier this month, we kicked off 2025 in beautiful Puerto Vallarta, MX! ☀️🌊  Take a look at some of the unforgettable moments from our All Company Meeting and Welcome Dinner! 🌟 From the West Coast to the Midwest, all our branches came together to celebrate our 2024 achievements and gear up for an exciting year ahead. 💪✨  Employees! Drop your favorite memories below. 👇  {hashtag|\#|OneTeam} {hashtag|\#|MakeAnImpact}","https://www.linkedin.com/feed/update/urn:li:ugcPost:7288634232761987072","urn:li:ugcPost:7288634232761987072","5599","114","2511","-","4.54","9"
"INSTAGRAM","Impact Networking","2025-01-23 10:00:56","CAROUSEL","Timeline","No","No","No","Can one team really do it all? The short answer: no. ⁠ ⁠ 🔧 #IT keeps your business running smoothly. ⁠ 🛡️ #Cybersecurity protects it from ever-evolving threats. ⁠ ⁠ When these roles are treated as one, vulnerabilities grow, responses slow, and risks increase. ⁠ ⁠ Separating IT and cybersecurity creates focus, accountability, and stronger results. ⁠ ⁠ What’s your take? Let us know below! ⬇️","https://www.instagram.com/p/DFLWnAkTbe4/","18073255741677645","982","13","557","-","2.33","2"
"YOUTUBE","Impact My Biz","2025-01-23 08:24:32","SHORT","Timeline","-","No","-","Planes ✈️, trains 🚝, and automobiles 🚗... but make it futuristic!   Public transit is evolving faster than ever! Whether it's for convenience, sustainability, or the thrill of trying something new, the future of mobility is here.  Looking to stay on top of the latest tech trends? Head to our channel and tap the subscribe button. You won't regret it. 😉  #Waymo #SelfDrivingCars #Innovation #Sustainability  Discover a great career with Impact here: https://bit.ly/3HHzuro  Explore what Impact can do for you: https://bit.ly/3UG087v  Subscribe to our newsletter: https://bit.ly/3JR8PtJ  Follow Impact on social media!  LinkedIn: https://www.linkedin.com/company/impact-networking Facebook: https://www.facebook.com/impactmybiz Twitter: https://twitter.com/impactmybiz Instagram: https://www.instagram.com/impactmybiz/?hl=en","https://www.youtube.com/shorts/6OeXtDjSsTM","6OeXtDjSsTM","1","0","-","1","-","0"
"LINKEDIN","Impact Networking, LLC","2025-01-23 07:30:44","DOCUMENT","Timeline","-","-","No","Can one team really do it all? The short answer: no.    🔧 IT keeps your business running smoothly.  🛡️ Cybersecurity protects it from ever-evolving threats.   When these roles are treated as one, vulnerabilities grow, responses slow, and risks increase.  Separating IT and cybersecurity creates focus, accountability, and stronger results.   What’s your take? Let us know below! ⬇️   While you’re at it, check out our webinar that breaks down the differences more in-depth 👉 https://hubs.ly/Q0332RKH0    {hashtag|\#|Cybersecurity} {hashtag|\#|IT} {hashtag|\#|CyberTips} {hashtag|\#|Tech} {hashtag|\#|Innovation} ","https://www.linkedin.com/feed/update/urn:li:ugcPost:7288216592583168000","urn:li:ugcPost:7288216592583168000","1384","32","859","-","3.73","8"
"YOUTUBE","Impact My Biz","2025-01-23 07:05:25","SHORT","Timeline","-","No","-","Adding additional monitors to your setup can skyrocket your productivity (or give you extra space to check Threads or watch movies), but setting it up can be complex and a lot can go wrong.   Setting up dual monitors doesn’t have to be complicated. Check out the full video on our channel for all the tips you need to get it done on both Mac and Windows!  #TechTips #Productivity","https://www.youtube.com/shorts/8ijVhbifwmM","8ijVhbifwmM","1001","9","-","1001","-","5"
"INSTAGRAM","Impact Networking","2025-01-22 15:34:34","REELS","REELS","No","No","No","Adding extra monitors can seriously boost your #productivity (or just give you space to stream your favorite shows 👀), but let’s be real—setting it up can be a hassle. 🙃⁠ ⁠ Learn how to set up dual monitors the right way for both #Mac and #Windows at the link in our bio! ⤴️⁠ ⁠ #TechTips","https://www.instagram.com/reel/DFJXro9NZcE/","17894553333139677","717","15","480","-","3.13","1"
"LINKEDIN","Impact Networking, LLC","2025-01-22 15:31:50","VIDEO","Timeline","-","-","No","Adding additional monitors to your setup can skyrocket your productivity \(or give you extra space to check Threads or watch movies\), but setting it up can be complex and a lot can go wrong.   Setting up dual monitors doesn’t have to be complicated. Check out our YouTube video for all the tips you need to get it done on both Mac and Windows!  Watch the full video 👉 https://hubs.ly/Q033D\_lt0  {hashtag|\#|TechTips} {hashtag|\#|Productivity}","https://www.linkedin.com/feed/update/urn:li:ugcPost:7287975276116918272","urn:li:ugcPost:7287975276116918272","1386","22","800","638","2.75","0"
"FACEBOOK","Impact Networking","2025-01-22 15:28:41","VIDEO","Timeline","No","No","No","Adding additional monitors to your setup can skyrocket your productivity (or give you extra space to check Threads or watch movies), but setting it up can be complex and a lot can go wrong.  Setting up dual monitors doesn’t have to be complicated. Check out our YouTube video for all the tips you need to get it done on both Mac and Windows!  Watch the full video 👉 https://hubs.ly/Q033D_Bp0  #TechTips #Productivity","https://www.facebook.com/reel/3891374677747821/","115064325253588_1036190215196693","289","5","271","138","1.85","1"
"PINTEREST","Impact Networking | Essential Business Solutions","2025-01-22 08:00:13","IMAGE","Timeline","-","No","-","Social media is crucial to connect with and retain your audience. ❤️   Check out these tips and more on our blog!","https://pinterest.com/pin/77757531062354041/","77757531062354041","85","0","-","-","-","-"
"YOUTUBE","Impact My Biz","2025-01-22 06:00:19","VIDEO","Timeline","-","No","-","Adding additional monitors to your setup can skyrocket your productivity (or give you extra space to check X or watch movies), but setting it up can be complex and a lot can go wrong. Avoid misaligned monitors, cable issues, software trouble, and other issues by watching this video to set up your dual monitors the right way on both Mac and Windows computers.   Key Moments:  [00:00] Intro [00:29] Identifying Display Ports  [02:35] Arranging Monitors & Troubleshooting  [03:23] Arranging Monitors on Mac  [03:45] Arranging Monitors on PC   Discover a great career with Impact here: https://bit.ly/3HHzuro  Explore what Impact can do for you: https://bit.ly/3UG087v  Subscribe to our newsletter: https://bit.ly/3JR8PtJ  Follow Impact on social media!  LinkedIn: https://www.linkedin.com/company/impact-networking Facebook: https://www.facebook.com/impactmybiz Twitter: https://twitter.com/impactmybiz Instagram: https://www.instagram.com/impactmybiz/?hl=en","https://www.youtube.com/watch?v=LZmfiL6ph30","LZmfiL6ph30","1630","29","-","1630","-","18"
"LINKEDIN","Impact Networking, LLC","2025-01-21 08:00:09","TEXT","Timeline","-","-","Yes","We’re honored to be featured in @[THE CANNATA REPORT](urn:li:organization:3267573), alongside @[DOT Security](urn:li:organization:67927620) and @[MPS Monitor](urn:li:organization:1338686), spotlighting our rise as key players in the Managed Services Provider \(MSP\) space. 🚀   At Impact, we’re not just redefining managed services— we’re challenging the status quo. By aligning with forward-thinking organizations and investing in groundbreaking solutions, we’re committed to empowering businesses with the tools they need to thrive. 💪   Check out the full article at the link below to explore how partnerships like this are shaping the future of secure, managed solutions. ⬇️   https://lnkd.in/gcaRVQK7   {hashtag|\#|ManagedServiceProvider} {hashtag|\#|MSP} {hashtag|\#|Collaboration} {hashtag|\#|Cybersecurity} {hashtag|\#|Innovation}","https://www.linkedin.com/feed/update/urn:li:share:7286157536733380609","urn:li:share:7286157536733380609","499","7","333","-","2.1","1"
"INSTAGRAM","Impact Networking","2025-01-16 10:03:21","REELS","REELS","No","No","No","#Planes ✈️, #trains 🚝, and #automobiles 🚗... but make it futuristic! ⁠ ⁠ Public transit is evolving faster than ever! Whether it's for convenience, #sustainability, or the thrill of trying something new, the future of mobility is here.⁠ ⁠ Looking to stay on top of the latest #techtrends? Head to our profile and tap the follow button. You won't regret it. 😉","https://www.instagram.com/reel/DE5U_gyuUH5/","18075663676712153","1157","29","764","-","3.8","6"
"LINKEDIN","Impact Networking, LLC","2025-01-16 09:19:54","LINK","Timeline","-","-","No","Over the past year, you may have noticed some posts from our incredible Thought Leaders here at Impact. This recognition from @[DSMN8 - The Employee Advocacy Platform](urn:li:organization:13241739) is a testament to the power of this strategy. 💡✨   Employee advocacy is one of the most effective ways to boost brand awareness, generate leads, drive conversions, and increase website sessions. It's an authentic approach that not only amplifies our brand but also celebrates the amazing people who make Impact such a great place to work.   We’re proud to be ranked 24th in the USA and 40th globally for having some of the most active IT & Service professionals on social media. A huge thank-you to our team—this wouldn’t be possible without you! ❤️   Check out the full report at https://lnkd.in/gUwJUYhQ  {hashtag|\#|EmployeeAdvocacy} {hashtag|\#|Teamwork} {hashtag|\#|EmployeeEngagement} {hashtag|\#|ThoughtLeadership}","https://www.linkedin.com/feed/update/urn:li:share:7285707350114549760","urn:li:share:7285707350114549760","1129","12","670","-","1.79","0"
"LINKEDIN","Impact Networking, LLC","2025-01-16 07:05:08","VIDEO","Timeline","-","-","No","Planes ✈️, trains 🚝, and automobiles 🚗... but make it futuristic!   Public transit is evolving faster than ever! Whether it's for convenience, sustainability, or the thrill of trying something new, the future of mobility is here.  Looking to stay on top of the latest tech trends? Head to our profile and tap the follow button. You won't regret it. 😉  {hashtag|\#|TechTrends} {hashtag|\#|PublicTransit} {hashtag|\#|Waymo} {hashtag|\#|SelfDrivingCars} {hashtag|\#|Innovation} {hashtag|\#|Sustainability}","https://www.linkedin.com/feed/update/urn:li:ugcPost:7285673433730891777","urn:li:ugcPost:7285673433730891777","1498","20","874","623","2.29","2"
"YOUTUBE","Impact My Biz","2025-01-16 07:03:13","SHORT","Timeline","-","No","-","Planes ✈️, trains 🚝, and automobiles 🚗... but make it futuristic!   Public transit is evolving faster than ever! Whether it's for convenience, sustainability, or the thrill of trying something new, the future of mobility is here.  Looking to stay on top of the latest tech trends? Head to our channel and tap the subscribe button. You won't regret it. 😉  #TechTrends #PublicTransit #Waymo #SelfDrivingCars #Innovation #Sustainability","https://www.youtube.com/shorts/cHq8C2SOi6c","cHq8C2SOi6c","48","0","-","48","-","0"
"FACEBOOK","Impact Networking","2025-01-16 07:03:00","VIDEO","Timeline","No","No","No","Planes ✈️, trains 🚝, and automobiles 🚗... but make it futuristic!   Public transit is evolving faster than ever! Whether it's for convenience, sustainability, or the thrill of trying something new, the future of mobility is here.  Looking to stay on top of the latest tech trends? Head to our profile and tap the follow button. You won't regret it. 😉  #TechTrends #PublicTransit #Waymo #SelfDrivingCars #Innovation #Sustainability","https://www.facebook.com/reel/2017918515319875/","115064325253588_1031595905656124","201","0","186","40","0","0"
"LINKEDIN","Impact Networking, LLC","2025-01-15 08:27:46","TEXT","Timeline","-","-","Yes","Looking for insights on how mid-market companies can thrive in the face of disruption? 🚀  Check out @[Alec Mates](urn:li:person:0lqEfW6d0u), a Sales Manager at Impact, latest post where he dives into actionable strategies and key takeaways from recent research that discusses how midsize companies are in a unique strong position in today's market but they fail to act boldly. 👇","https://www.linkedin.com/feed/update/urn:li:share:7285331842386272258","urn:li:share:7285331842386272258","404","5","274","-","1.82","0"
"INSTAGRAM","Impact Networking","2025-01-14 09:55:00","REELS","REELS","No","No","No","Got 99 problems, but marketing ROI does not have to be one. 👀  Head to the link in our bio to check out how our Managed Marketing team can elevate your campaigns!","https://www.instagram.com/reel/DE0ltb5zvqE/","18028689995281076","948","22","599","-","3.67","2"
"FACEBOOK","Impact Networking","2025-01-14 09:00:38","VIDEO","Timeline","No","No","No","🎯 Analytics dashboard showing negative ROI? Time to rethink your marketing strategy!   Our Managed Marketing team puts you in the spotlight, making sure you get the results that matter - like driving leads, increasing conversions, and increasing ROI. 😉  Explore how Impact can transform your campaigns at https://hubs.ly/Q032tDmK0  #ManagedMarketing #MarketingTips #MarketingStrategy","https://www.facebook.com/reel/478015055038943/","115064325253588_1030263342456047","183","0","171","45","0","0"
"LINKEDIN","Impact Networking, LLC","2025-01-14 08:08:47","VIDEO","Timeline","-","-","No","🎯 Analytics dashboard showing negative ROI? Time to rethink your marketing strategy!   Our Managed Marketing team goes beyond surface-level fixes. We focus on strategies that combine creative execution with data-driven insights, ensuring your marketing not only performs but evolves with your business' needs \(and increases ROI\). 😉  The real question isn't ""how's the campaign performing?"" - it's ""How can we make it perform better?""  Explore how Impact can transform your marketing strategy at https://hubs.ly/Q032tKbF0  {hashtag|\#|ManagedMarketing} {hashtag|\#|MarketingTips} {hashtag|\#|MarketingStrategy} ","https://www.linkedin.com/feed/update/urn:li:ugcPost:7284964676549926913","urn:li:ugcPost:7284964676549926913","1263","18","751","624","2.4","2"
"YOUTUBE","Impact My Biz","2025-01-14 07:00:53","SHORT","Timeline","-","No","-","🎯 Analytics dashboard showing negative ROI? Time to rethink your marketing strategy!   Our Managed Marketing team puts you in the spotlight, making sure you get the results that matter - like driving leads, increasing conversions, and increasing ROI. 😉  Explore how Impact can transform your campaigns at https://hubs.ly/Q032pt0c0  #ManagedMarketing #MarketingTips #MarketingStrategy","https://www.youtube.com/shorts/ryQNzoGE44s","ryQNzoGE44s","527","8","-","527","-","0"
"FACEBOOK","Impact Networking","2025-01-13 15:32:00","VIDEO","Timeline","No","No","No","Greetings from The Windy City! 🏙️🌬️   At Impact, great careers come with even better views! Our Chicago office is more than a workplace – it’s a space to grow, connect, and soak up the energy of downtown.   Ready to take your career to new heights this year? 🚀 Head to https://hubs.ly/Q032p5s-0 and submit your application!  #ChicagoCareers #WeAreHiring #LifeAtImpact #ChicagoJobs","https://www.facebook.com/reel/607637691629742/","115064325253588_1029730645842650","284","7","268","116","2.61","0"
"INSTAGRAM","Impact Networking","2025-01-09 11:45:00","REELS","REELS","No","No","No","See how Ava balances creativity and strategy as she manages social media at Impact’s Chicago office. 🏙️✨    Get a firsthand look at the mix of creativity and data-driven decisions that shape our digital presence.   From planning to execution, take a look at her daily routine.   Interested in joining the team? Head to the link our bio!   #DayInTheLife #WorkLife #OfficeTrends #SocialMedia","https://www.instagram.com/reel/DEnfglWvv7_/","18038955785520779","1547","40","773","-","5.17","5"
"LINKEDIN","Impact Networking, LLC","2025-01-09 08:33:11","VIDEO","Timeline","-","-","No","See how Ava balances creativity and strategy as she manages social media at Impact’s Chicago office. 🏙️✨    Get a firsthand look at the mix of creativity and data-driven decisions that shape our digital presence.   From planning to execution, take a look at her daily routine.   Interested in joining the team? Head to https://hubs.ly/Q030g\_5Q0 and submit your application!   {hashtag|\#|DayInTheLife} {hashtag|\#|WorkLife} {hashtag|\#|OfficeTrends} {hashtag|\#|SocialMedia}","https://www.linkedin.com/feed/update/urn:li:ugcPost:7283158875023810560","urn:li:ugcPost:7283158875023810560","3176","45","1724","1354","2.61","2"
"YOUTUBE","Impact My Biz","2025-01-09 08:01:20","SHORT","Timeline","-","No","-","See how Ava balances creativity and strategy as she manages social media at Impact’s Chicago office. 🏙️✨    Get a firsthand look at the mix of creativity and data-driven decisions that shape our digital presence.   From planning to execution, take a look at her daily routine.   Interested in joining the team? Head to https://hubs.ly/Q030hcdR0 and submit your application!   #DayInTheLife #WorkLife #OfficeTrends #SocialMedia","https://www.youtube.com/shorts/0So3KuDcQM0","0So3KuDcQM0","65","1","-","65","-","0"
"INSTAGRAM","Impact Networking","2025-01-08 10:00:49","IMAGE","Timeline","No","No","No","‼️OUR BUSINESS TECHNOLOGY ADOPTION REPORT IS LIVE‼️ ⁠ ⁠ From overcoming compatibility struggles to seeing which departments led the charge in #tech adoption, this report dives into how businesses use tech to grow, adapt, and thrive. ⁠ ⁠ Spoiler: Modern tech is the key to long-term success. 🏆 ⁠ ⁠ Download your copy now at the link in our bio! ⁠ ⁠ #2025Trends #Innovation","https://www.instagram.com/p/DEkumWyTk3t/","18047755994141467","645","10","338","-","2.96","0"
"LINKEDIN","Impact Networking, LLC","2025-01-08 08:00:57","IMAGE","Timeline","-","-","No","‼️OUR BUSINESS TECHNOLOGY ADOPTION REPORT IS LIVE‼️   From overcoming compatibility struggles to seeing which departments led the charge in tech adoption, this report dives into how businesses are using tech to grow, adapt, and thrive.   Spoiler: Tech isn’t a “nice-to-have” anymore—it’s the key to long-term success. 🏆   Download your copy now at https://hubs.ly/Q030fWD40  {hashtag|\#|Technology} {hashtag|\#|Innovation} {hashtag|\#|2024Report} {hashtag|\#|2025Trends} {hashtag|\#|BusinessTrends} ","https://www.linkedin.com/feed/update/urn:li:share:7282788377282691072","urn:li:share:7282788377282691072","1151","23","622","-","3.7","5"
"PINTEREST","Impact Networking | Essential Business Solutions","2025-01-08 05:00:45","IMAGE","Timeline","-","No","-","Great content strategies are all about creative approaches that resonate with your audience. Brands like Duolingo, Spotify, and Old Spice are great examples of this, using humor, personalization, and bold ideas to connect with audiences. ✨❤️   Check out our blog for the three good content marketing examples.","https://pinterest.com/pin/77757531062293652/","77757531062293652","112","0","-","-","-","-"
"INSTAGRAM","Impact Networking","2025-01-06 09:15:00","REELS","REELS","No","No","No","Greetings from The Windy City! 🏙️🌬️   At Impact, great careers come with even better views! Our #Chicago office is more than a workplace – it’s a space to grow, connect, and soak up the energy of downtown.   It’s giving… main character energy. 💅   Ready to take your #career to new heights this year? 🚀 Head to the link in our bio and submit your application!   #LifeAtImpact","https://www.instagram.com/reel/DEff38ORie4/","18041353295248289","808","27","595","-","4.54","0"
"LINKEDIN","Impact Networking, LLC","2025-01-06 08:32:09","VIDEO","Timeline","-","-","No","Greetings from The Windy City! 🏙️🌬️   At Impact, great careers come with even better views! Our Chicago office is more than a workplace – it’s a space to grow, connect, and soak up the energy of downtown.   Ready to take your career to new heights this year? 🚀 Head to https://hubs.ly/Q030kMgb0 and submit your application!  {hashtag|\#|ChicagoCareers} {hashtag|\#|WeAreHiring} {hashtag|\#|LifeAtImpact} {hashtag|\#|ChicagoJobs}","https://www.linkedin.com/feed/update/urn:li:ugcPost:7282071453053648898","urn:li:ugcPost:7282071453053648898","2315","44","1383","1176","3.18","2"
"YOUTUBE","Impact My Biz","2025-01-06 08:30:39","SHORT","Timeline","-","No","-","Greetings from The Windy City! 🏙️🌬️   At Impact, great careers come with even better views! Our Chicago office is more than a workplace – it’s a space to grow, connect, and soak up the energy of downtown.   Ready to take your career to new heights this year? 🚀 Head to https://hubs.ly/Q030l37K0 and submit your application!  #ChicagoCareers #WeAreHiring #LifeAtImpact #ChicagoJobs","https://www.youtube.com/shorts/mPTnVUEFJyE","mPTnVUEFJyE","189","3","-","189","-","0"
"FACEBOOK","Impact Networking","2025-01-03 14:07:03","VIDEO","Timeline","No","No","No","Ever dreamed of seeing your product or service come to life on TV?    Check out Impact Studios! 🤩 Home to our very own video production studio, where our clients are given a Hollywood treatment. 😎   Want to see the magic they can do? Head to https://bit.ly/4h1QXJF to check it out.    #VideoProduction #ImpactMyBiz #VirtualProduction #Media #Commercial","https://www.facebook.com/reel/1149083526566036/","115064325253588_1022383933243988","379","8","346","209","2.31","3"
"INSTAGRAM","Impact Networking","2025-01-02 10:03:25","REELS","REELS","No","No","No","From 8 websites to 1 seamless solution. 🌐⁠ ⁠ @33realty_chicago, a leader in Chicago’s real estate industry, faced the challenge of managing multiple sites for their business. Impact #ManagedMarketing stepped in to simplify their digital presence—streamlining 8 sites into 1 centralized hub. ✨💻⁠ ⁠ But that’s not all! With our Managed #Marketing team, we’ve helped elevate their brand and optimize their #leadgeneration process, making it easier for clients to connect with 33 Realty as a one-stop resource for all their real estate needs.⁠ ⁠ Curious how our Managed Marketing team can help your business thrive? Learn more at the link in our bio! ⤴","https://www.instagram.com/reel/DEVR7nMNnar/","17977609343657642","1001","21","636","-","3.3","2"
"YOUTUBE","Impact My Biz","2025-01-02 09:03:20","VIDEO","Timeline","-","No","-","33 Reality struggled to manage marketing internally, leading them to partner with Impact for branding and digital marketing. After being acquired by a larger company, 33 Reality and Impact teamed up to rebrand and streamline processes, enabling growth, improving audience understanding, and providing new opportunities for their marketing team.   Discover a great career with Impact here: https://bit.ly/3HHzuro  Explore what Impact can do for you: https://bit.ly/3UG087v  Subscribe to our newsletter: https://bit.ly/3JR8PtJ  Follow Impact on social media!  LinkedIn: https://www.linkedin.com/company/impact-networking Facebook: https://www.facebook.com/impactmybiz Twitter: https://twitter.com/impactmybiz Instagram: https://www.instagram.com/impactmybiz/?hl=en","https://www.youtube.com/watch?v=_mXXaE6hXbc","_mXXaE6hXbc","64","7","-","64","-","7"
"LINKEDIN","Impact Networking, LLC","2025-01-02 07:32:34","VIDEO","Timeline","-","-","No","From 8 websites to 1 seamless solution. 🌐⁠ ⁠ @[33 Realty](urn:li:organization:826793), a leader in Chicago’s real estate industry, faced the challenge of managing multiple sites for their business. Impact Managed Marketing stepped in to simplify their digital presence—streamlining 8 sites into 1 centralized hub. ✨💻⁠ ⁠ But that’s not all! With our Managed Marketing team, we’ve helped elevate their brand and optimize their lead generation process, making it easier for clients to connect with 33 Realty as a one-stop resource for all their real estate needs.⁠ ⁠ Curious how our Managed Marketing team can help your business thrive? Learn more at https://hubs.ly/Q030fXLK0  {hashtag|\#|ManagedMarketing} {hashtag|\#|MarketingServices} {hashtag|\#|Marketing} {hashtag|\#|ManagedServices} ","https://www.linkedin.com/feed/update/urn:li:ugcPost:7280606905872343040","urn:li:ugcPost:7280606905872343040","1882","33","1013","1031","3.26","5"
"YOUTUBE","Impact My Biz","2025-01-02 07:30:30","SHORT","Timeline","-","No","-","From 8 websites to 1 seamless solution. 🌐⁠ ⁠ 33 Realty, a leader in Chicago’s real estate industry, faced the challenge of managing multiple sites for their business. Impact Managed Marketing stepped in to simplify their digital presence—streamlining 8 sites into 1 centralized hub. ✨💻⁠ ⁠ But that’s not all! With our Managed Marketing team, we’ve helped elevate their brand and optimize their lead generation process, making it easier for clients to connect with 33 Realty as a one-stop resource for all their real estate needs.⁠ ⁠ Curious how our Managed Marketing team can help your business thrive? Learn more at https://hubs.ly/Q030gwSj0  #ManagedMarketing #MarketingServices #Marketing #ManagedServices","https://www.youtube.com/shorts/41Um5rYQV1w","41Um5rYQV1w","44","0","-","44","-","0"
"FACEBOOK","Impact Networking","2025-01-02 07:30:15","VIDEO","Timeline","No","No","No","From 8 websites to 1 seamless solution. 🌐⁠ ⁠ 33 Realty, a leader in Chicago’s real estate industry, faced the challenge of managing multiple sites for their business. Impact Managed Marketing stepped in to simplify their digital presence—streamlining 8 sites into 1 centralized hub. ✨💻⁠ ⁠ But that’s not all! With our Managed Marketing team, we’ve helped elevate their brand and optimize their lead generation process, making it easier for clients to connect with 33 Realty as a one-stop resource for all their real estate needs.⁠ ⁠ Curious how our Managed Marketing team can help your business thrive? Learn more at https://hubs.ly/Q030h00K0  #ManagedMarketing #MarketingServices #Marketing #ManagedServices","https://www.facebook.com/reel/949461343294438/","115064325253588_1021481960000852","342","2","316","85","0.63","0"
